"","year","county","var_name","value","magnitude","temporal"
"1","2011","Carlow","age_15_64",36252,"absolute total","static"
"2","2011","Carlow","age_over65",6211,"absolute total","static"
"3","2011","Carlow","age_under15",12149,"absolute total","static"
"4","2011","Cavan","age_15_64",47085,"absolute total","static"
"5","2011","Cavan","age_over65",8866,"absolute total","static"
"6","2011","Cavan","age_under15",17232,"absolute total","static"
"7","2011","Clare","age_15_64",76596,"absolute total","static"
"8","2011","Clare","age_over65",14519,"absolute total","static"
"9","2011","Clare","age_under15",26081,"absolute total","static"
"10","2011","Cork City and Cork County","age_15_64",347149,"absolute total","static"
"11","2011","Cork City and Cork County","age_over65",62380,"absolute total","static"
"12","2011","Cork City and Cork County","age_under15",109503,"absolute total","static"
"13","2011","DLR","age_15_64",138854,"absolute total","static"
"14","2011","DLR","age_over65",29872,"absolute total","static"
"15","2011","DLR","age_under15",37535,"absolute total","static"
"16","2011","Donegal","age_15_64",102717,"absolute total","static"
"17","2011","Donegal","age_over65",21471,"absolute total","static"
"18","2011","Donegal","age_under15",36949,"absolute total","static"
"19","2011","Dublin City","age_15_64",381093,"absolute total","static"
"20","2011","Dublin City","age_over65",66490,"absolute total","static"
"21","2011","Dublin City","age_under15",80029,"absolute total","static"
"22","2011","Fingal","age_15_64",187723,"absolute total","static"
"23","2011","Fingal","age_over65",19861,"absolute total","static"
"24","2011","Fingal","age_under15",66407,"absolute total","static"
"25","2011","Galway City","age_15_64",55977,"absolute total","static"
"26","2011","Galway City","age_over65",7059,"absolute total","static"
"27","2011","Galway City","age_under15",12493,"absolute total","static"
"28","2011","Galway County","age_15_64",113441,"absolute total","static"
"29","2011","Galway County","age_over65",21990,"absolute total","static"
"30","2011","Galway County","age_under15",39693,"absolute total","static"
"31","2011","Kerry","age_15_64",95162,"absolute total","static"
"32","2011","Kerry","age_over65",20988,"absolute total","static"
"33","2011","Kerry","age_under15",29352,"absolute total","static"
"34","2011","Kildare","age_15_64",142088,"absolute total","static"
"35","2011","Kildare","age_over65",16656,"absolute total","static"
"36","2011","Kildare","age_under15",51568,"absolute total","static"
"37","2011","Kilkenny","age_15_64",62529,"absolute total","static"
"38","2011","Kilkenny","age_over65",11690,"absolute total","static"
"39","2011","Kilkenny","age_under15",21200,"absolute total","static"
"40","2011","Laois","age_15_64",52546,"absolute total","static"
"41","2011","Laois","age_over65",8100,"absolute total","static"
"42","2011","Laois","age_under15",19913,"absolute total","static"
"43","2011","Leitrim","age_15_64",20213,"absolute total","static"
"44","2011","Leitrim","age_over65",4706,"absolute total","static"
"45","2011","Leitrim","age_under15",6879,"absolute total","static"
"46","2011","Limerick City and County","age_15_64",129432,"absolute total","static"
"47","2011","Limerick City and County","age_over65",23313,"absolute total","static"
"48","2011","Limerick City and County","age_under15",39064,"absolute total","static"
"49","2011","Longford","age_15_64",25072,"absolute total","static"
"50","2011","Longford","age_over65",4883,"absolute total","static"
"51","2011","Longford","age_under15",9045,"absolute total","static"
"52","2011","Louth","age_15_64",80758,"absolute total","static"
"53","2011","Louth","age_over65",13477,"absolute total","static"
"54","2011","Louth","age_under15",28662,"absolute total","static"
"55","2011","Mayo","age_15_64",83786,"absolute total","static"
"56","2011","Mayo","age_over65",19539,"absolute total","static"
"57","2011","Mayo","age_under15",27313,"absolute total","static"
"58","2011","Meath","age_15_64",121347,"absolute total","static"
"59","2011","Meath","age_over65",16322,"absolute total","static"
"60","2011","Meath","age_under15",46466,"absolute total","static"
"61","2011","Monaghan","age_15_64",39533,"absolute total","static"
"62","2011","Monaghan","age_over65",7460,"absolute total","static"
"63","2011","Monaghan","age_under15",13490,"absolute total","static"
"64","2011","Offaly","age_15_64",49823,"absolute total","static"
"65","2011","Offaly","age_over65",8909,"absolute total","static"
"66","2011","Offaly","age_under15",17955,"absolute total","static"
"67","2011","Roscommon","age_15_64",41089,"absolute total","static"
"68","2011","Roscommon","age_over65",9396,"absolute total","static"
"69","2011","Roscommon","age_under15",13580,"absolute total","static"
"70","2011","Sligo","age_15_64",43241,"absolute total","static"
"71","2011","Sligo","age_over65",9043,"absolute total","static"
"72","2011","Sligo","age_under15",13109,"absolute total","static"
"73","2011","South Dublin","age_15_64",180871,"absolute total","static"
"74","2011","South Dublin","age_over65",23053,"absolute total","static"
"75","2011","South Dublin","age_under15",61281,"absolute total","static"
"76","2011","State","age_15_64",3073269,"absolute total","static"
"77","2011","State","age_over65",535393,"absolute total","static"
"78","2011","State","age_under15",979590,"absolute total","static"
"79","2011","Tipperary","age_15_64",103172,"absolute total","static"
"80","2011","Tipperary","age_over65",21196,"absolute total","static"
"81","2011","Tipperary","age_under15",34386,"absolute total","static"
"82","2011","Waterford City and County","age_15_64",74436,"absolute total","static"
"83","2011","Waterford City and County","age_over65",14779,"absolute total","static"
"84","2011","Waterford City and County","age_under15",24580,"absolute total","static"
"85","2011","Westmeath","age_15_64",56928,"absolute total","static"
"86","2011","Westmeath","age_over65",9796,"absolute total","static"
"87","2011","Westmeath","age_under15",19440,"absolute total","static"
"88","2011","Wexford","age_15_64",93889,"absolute total","static"
"89","2011","Wexford","age_over65",18367,"absolute total","static"
"90","2011","Wexford","age_under15",33064,"absolute total","static"
"91","2011","Wicklow","age_15_64",90467,"absolute total","static"
"92","2011","Wicklow","age_over65",15001,"absolute total","static"
"93","2011","Wicklow","age_under15",31172,"absolute total","static"
"94","2016","Carlow","age_15_64",36964,"absolute total","static"
"95","2016","Carlow","age_over65",7357,"absolute total","static"
"96","2016","Carlow","age_under15",12611,"absolute total","static"
"97","2016","Cavan","age_15_64",48090,"absolute total","static"
"98","2016","Cavan","age_over65",10464,"absolute total","static"
"99","2016","Cavan","age_under15",17622,"absolute total","static"
"100","2016","Clare","age_15_64",75590,"absolute total","static"
"101","2016","Clare","age_over65",17655,"absolute total","static"
"102","2016","Clare","age_under15",25572,"absolute total","static"
"103","2016","Cork City and Cork County","age_15_64",355494,"absolute total","static"
"104","2016","Cork City and Cork County","age_over65",73843,"absolute total","static"
"105","2016","Cork City and Cork County","age_under15",113531,"absolute total","static"
"106","2016","DLR","age_15_64",143310,"absolute total","static"
"107","2016","DLR","age_over65",34669,"absolute total","static"
"108","2016","DLR","age_under15",40039,"absolute total","static"
"109","2016","Donegal","age_15_64",99161,"absolute total","static"
"110","2016","Donegal","age_over65",24989,"absolute total","static"
"111","2016","Donegal","age_under15",35042,"absolute total","static"
"112","2016","Dublin City","age_15_64",398986,"absolute total","static"
"113","2016","Dublin City","age_over65",72355,"absolute total","static"
"114","2016","Dublin City","age_under15",83213,"absolute total","static"
"115","2016","Fingal","age_15_64",196372,"absolute total","static"
"116","2016","Fingal","age_over65",27035,"absolute total","static"
"117","2016","Fingal","age_under15",72613,"absolute total","static"
"118","2016","Galway City","age_15_64",56581,"absolute total","static"
"119","2016","Galway City","age_over65",8848,"absolute total","static"
"120","2016","Galway City","age_under15",13239,"absolute total","static"
"121","2016","Galway County","age_15_64",112689,"absolute total","static"
"122","2016","Galway County","age_over65",26058,"absolute total","static"
"123","2016","Galway County","age_under15",40643,"absolute total","static"
"124","2016","Kerry","age_15_64",93882,"absolute total","static"
"125","2016","Kerry","age_over65",25034,"absolute total","static"
"126","2016","Kerry","age_under15",28791,"absolute total","static"
"127","2016","Kildare","age_15_64",146930,"absolute total","static"
"128","2016","Kildare","age_over65",22014,"absolute total","static"
"129","2016","Kildare","age_under15",53560,"absolute total","static"
"130","2016","Kilkenny","age_15_64",63413,"absolute total","static"
"131","2016","Kilkenny","age_over65",14053,"absolute total","static"
"132","2016","Kilkenny","age_under15",21766,"absolute total","static"
"133","2016","Laois","age_15_64",54277,"absolute total","static"
"134","2016","Laois","age_over65",9608,"absolute total","static"
"135","2016","Laois","age_under15",20812,"absolute total","static"
"136","2016","Leitrim","age_15_64",19712,"absolute total","static"
"137","2016","Leitrim","age_over65",5409,"absolute total","static"
"138","2016","Leitrim","age_under15",6923,"absolute total","static"
"139","2016","Limerick City and County","age_15_64",127887,"absolute total","static"
"140","2016","Limerick City and County","age_over65",27418,"absolute total","static"
"141","2016","Limerick City and County","age_under15",39594,"absolute total","static"
"142","2016","Longford","age_15_64",25541,"absolute total","static"
"143","2016","Longford","age_over65",5824,"absolute total","static"
"144","2016","Longford","age_under15",9508,"absolute total","static"
"145","2016","Louth","age_15_64",83142,"absolute total","static"
"146","2016","Louth","age_over65",16077,"absolute total","static"
"147","2016","Louth","age_under15",29665,"absolute total","static"
"148","2016","Mayo","age_15_64",81044,"absolute total","static"
"149","2016","Mayo","age_over65",22909,"absolute total","static"
"150","2016","Mayo","age_under15",26554,"absolute total","static"
"151","2016","Meath","age_15_64",125325,"absolute total","static"
"152","2016","Meath","age_over65",20788,"absolute total","static"
"153","2016","Meath","age_under15",48931,"absolute total","static"
"154","2016","Monaghan","age_15_64",38850,"absolute total","static"
"155","2016","Monaghan","age_over65",8577,"absolute total","static"
"156","2016","Monaghan","age_under15",13959,"absolute total","static"
"157","2016","Offaly","age_15_64",49643,"absolute total","static"
"158","2016","Offaly","age_over65",10591,"absolute total","static"
"159","2016","Offaly","age_under15",17727,"absolute total","static"
"160","2016","Roscommon","age_15_64",40139,"absolute total","static"
"161","2016","Roscommon","age_over65",10743,"absolute total","static"
"162","2016","Roscommon","age_under15",13662,"absolute total","static"
"163","2016","Sligo","age_15_64",41598,"absolute total","static"
"164","2016","Sligo","age_over65",10624,"absolute total","static"
"165","2016","Sligo","age_under15",13313,"absolute total","static"
"166","2016","South Dublin","age_15_64",183754,"absolute total","static"
"167","2016","South Dublin","age_over65",30925,"absolute total","static"
"168","2016","South Dublin","age_under15",64088,"absolute total","static"
"169","2016","State","age_15_64",3117746,"absolute total","static"
"170","2016","State","age_over65",637567,"absolute total","static"
"171","2016","State","age_under15",1006552,"absolute total","static"
"172","2016","Tipperary","age_15_64",101120,"absolute total","static"
"173","2016","Tipperary","age_over65",24398,"absolute total","static"
"174","2016","Tipperary","age_under15",34035,"absolute total","static"
"175","2016","Waterford City and County","age_15_64",74260,"absolute total","static"
"176","2016","Waterford City and County","age_over65",17371,"absolute total","static"
"177","2016","Waterford City and County","age_under15",24545,"absolute total","static"
"178","2016","Westmeath","age_15_64",57625,"absolute total","static"
"179","2016","Westmeath","age_over65",11370,"absolute total","static"
"180","2016","Westmeath","age_under15",19775,"absolute total","static"
"181","2016","Wexford","age_15_64",94785,"absolute total","static"
"182","2016","Wexford","age_over65",21985,"absolute total","static"
"183","2016","Wexford","age_under15",32952,"absolute total","static"
"184","2016","Wicklow","age_15_64",91582,"absolute total","static"
"185","2016","Wicklow","age_over65",18576,"absolute total","static"
"186","2016","Wicklow","age_under15",32267,"absolute total","static"
"187","2022","Carlow","age_15_64",40352,"absolute total","static"
"188","2022","Carlow","age_over65",9304,"absolute total","static"
"189","2022","Carlow","age_under15",12312,"absolute total","static"
"190","2022","Cavan","age_15_64",51451,"absolute total","static"
"191","2022","Cavan","age_over65",12501,"absolute total","static"
"192","2022","Cavan","age_under15",17752,"absolute total","static"
"193","2022","Clare","age_15_64",81283,"absolute total","static"
"194","2022","Clare","age_over65",21657,"absolute total","static"
"195","2022","Clare","age_under15",24998,"absolute total","static"
"196","2022","Cork City and Cork County","age_15_64",381028,"absolute total","static"
"197","2022","Cork City and Cork County","age_over65",89461,"absolute total","static"
"198","2022","Cork City and Cork County","age_under15",113667,"absolute total","static"
"199","2022","DLR","age_15_64",151639,"absolute total","static"
"200","2022","DLR","age_over65",39918,"absolute total","static"
"201","2022","DLR","age_under15",42303,"absolute total","static"
"202","2022","Donegal","age_15_64",103369,"absolute total","static"
"203","2022","Donegal","age_over65",29623,"absolute total","static"
"204","2022","Donegal","age_under15",34092,"absolute total","static"
"205","2022","Dublin City","age_15_64",424742,"absolute total","static"
"206","2022","Dublin City","age_over65",79368,"absolute total","static"
"207","2022","Dublin City","age_under15",88603,"absolute total","static"
"208","2022","Fingal","age_15_64",219914,"absolute total","static"
"209","2022","Fingal","age_over65",36544,"absolute total","static"
"210","2022","Fingal","age_under15",74048,"absolute total","static"
"211","2022","Galway City","age_15_64",60658,"absolute total","static"
"212","2022","Galway City","age_over65",10724,"absolute total","static"
"213","2022","Galway City","age_under15",13032,"absolute total","static"
"214","2022","Galway County","age_15_64",120591,"absolute total","static"
"215","2022","Galway County","age_over65",32162,"absolute total","static"
"216","2022","Galway County","age_under15",40570,"absolute total","static"
"217","2022","Kerry","age_15_64",98135,"absolute total","static"
"218","2022","Kerry","age_over65",29567,"absolute total","static"
"219","2022","Kerry","age_under15",28756,"absolute total","static"
"220","2022","Kildare","age_15_64",164677,"absolute total","static"
"221","2022","Kildare","age_over65",29720,"absolute total","static"
"222","2022","Kildare","age_under15",53377,"absolute total","static"
"223","2022","Kilkenny","age_15_64",66010,"absolute total","static"
"224","2022","Kilkenny","age_over65",17056,"absolute total","static"
"225","2022","Kilkenny","age_under15",21094,"absolute total","static"
"226","2022","Laois","age_15_64",59491,"absolute total","static"
"227","2022","Laois","age_over65",11978,"absolute total","static"
"228","2022","Laois","age_under15",20408,"absolute total","static"
"229","2022","Leitrim","age_15_64",21465,"absolute total","static"
"230","2022","Leitrim","age_over65",6573,"absolute total","static"
"231","2022","Leitrim","age_under15",7161,"absolute total","static"
"232","2022","Limerick City and County","age_15_64",136474,"absolute total","static"
"233","2022","Limerick City and County","age_over65",33588,"absolute total","static"
"234","2022","Limerick City and County","age_under15",39474,"absolute total","static"
"235","2022","Longford","age_15_64",29691,"absolute total","static"
"236","2022","Longford","age_over65",7332,"absolute total","static"
"237","2022","Longford","age_under15",9728,"absolute total","static"
"238","2022","Louth","age_15_64",90711,"absolute total","static"
"239","2022","Louth","age_over65",19898,"absolute total","static"
"240","2022","Louth","age_under15",29094,"absolute total","static"
"241","2022","Mayo","age_15_64",84280,"absolute total","static"
"242","2022","Mayo","age_over65",27328,"absolute total","static"
"243","2022","Mayo","age_under15",26362,"absolute total","static"
"244","2022","Meath","age_15_64",143535,"absolute total","static"
"245","2022","Meath","age_over65",27059,"absolute total","static"
"246","2022","Meath","age_under15",50232,"absolute total","static"
"247","2022","Monaghan","age_15_64",40561,"absolute total","static"
"248","2022","Monaghan","age_over65",10397,"absolute total","static"
"249","2022","Monaghan","age_under15",14330,"absolute total","static"
"250","2022","Offaly","age_15_64",53025,"absolute total","static"
"251","2022","Offaly","age_over65",12958,"absolute total","static"
"252","2022","Offaly","age_under15",17167,"absolute total","static"
"253","2022","Roscommon","age_15_64",43117,"absolute total","static"
"254","2022","Roscommon","age_over65",13041,"absolute total","static"
"255","2022","Roscommon","age_under15",14101,"absolute total","static"
"256","2022","Sligo","age_15_64",43922,"absolute total","static"
"257","2022","Sligo","age_over65",12903,"absolute total","static"
"258","2022","Sligo","age_under15",13373,"absolute total","static"
"259","2022","South Dublin","age_15_64",197252,"absolute total","static"
"260","2022","South Dublin","age_over65",39834,"absolute total","static"
"261","2022","South Dublin","age_under15",63989,"absolute total","static"
"262","2022","State","age_15_64",3360537,"absolute total","static"
"263","2022","State","age_over65",776315,"absolute total","static"
"264","2022","State","age_under15",1012287,"absolute total","static"
"265","2022","Tipperary","age_15_64",105253,"absolute total","static"
"266","2022","Tipperary","age_over65",29356,"absolute total","static"
"267","2022","Tipperary","age_under15",33286,"absolute total","static"
"268","2022","Waterford City and County","age_15_64",81868,"absolute total","static"
"269","2022","Waterford City and County","age_over65",21032,"absolute total","static"
"270","2022","Waterford City and County","age_under15",24463,"absolute total","static"
"271","2022","Westmeath","age_15_64",62073,"absolute total","static"
"272","2022","Westmeath","age_over65",14369,"absolute total","static"
"273","2022","Westmeath","age_under15",19779,"absolute total","static"
"274","2022","Wexford","age_15_64",104034,"absolute total","static"
"275","2022","Wexford","age_over65",27403,"absolute total","static"
"276","2022","Wexford","age_under15",32482,"absolute total","static"
"277","2022","Wicklow","age_15_64",99936,"absolute total","static"
"278","2022","Wicklow","age_over65",23661,"absolute total","static"
"279","2022","Wicklow","age_under15",32254,"absolute total","static"
"280","2011","Border","age_15_64",205704,"absolute total","static"
"281","2011","Border","age_over65",42680,"absolute total","static"
"282","2011","Border","age_under15",70427,"absolute total","static"
"283","2011","GDA","age_15_64",1242443,"absolute total","static"
"284","2011","GDA","age_over65",187255,"absolute total","static"
"285","2011","GDA","age_under15",374458,"absolute total","static"
"286","2011","Other","age_15_64",253119,"absolute total","static"
"287","2011","Other","age_over65",55014,"absolute total","static"
"288","2011","Other","age_under15",84324,"absolute total","static"
"289","2011","South","age_15_64",516747,"absolute total","static"
"290","2011","South","age_over65",98147,"absolute total","static"
"291","2011","South","age_under15",163435,"absolute total","static"
"292","2011","West","age_15_64",375446,"absolute total","static"
"293","2011","West","age_over65",66881,"absolute total","static"
"294","2011","West","age_under15",117331,"absolute total","static"
"295","2011","wGDA","age_15_64",479810,"absolute total","static"
"296","2011","wGDA","age_over65",85416,"absolute total","static"
"297","2011","wGDA","age_under15",169615,"absolute total","static"
"298","2016","Border","age_15_64",199321,"absolute total","static"
"299","2016","Border","age_over65",49599,"absolute total","static"
"300","2016","Border","age_under15",69237,"absolute total","static"
"301","2016","GDA","age_15_64",1286259,"absolute total","static"
"302","2016","GDA","age_over65",226362,"absolute total","static"
"303","2016","GDA","age_under15",394711,"absolute total","static"
"304","2016","Other","age_15_64",247844,"absolute total","static"
"305","2016","Other","age_over65",63874,"absolute total","static"
"306","2016","Other","age_under15",83759,"absolute total","static"
"307","2016","South","age_15_64",523636,"absolute total","static"
"308","2016","South","age_over65",116248,"absolute total","static"
"309","2016","South","age_under15",166867,"absolute total","static"
"310","2016","West","age_15_64",372747,"absolute total","static"
"311","2016","West","age_over65",79979,"absolute total","static"
"312","2016","West","age_under15",119048,"absolute total","static"
"313","2016","wGDA","age_15_64",487939,"absolute total","static"
"314","2016","wGDA","age_over65",101505,"absolute total","static"
"315","2016","wGDA","age_under15",172930,"absolute total","static"
"316","2022","Border","age_15_64",209317,"absolute total","static"
"317","2022","Border","age_over65",59496,"absolute total","static"
"318","2022","Border","age_under15",68956,"absolute total","static"
"319","2022","GDA","age_15_64",1401695,"absolute total","static"
"320","2022","GDA","age_over65",276104,"absolute total","static"
"321","2022","GDA","age_under15",404806,"absolute total","static"
"322","2022","Other","age_15_64",262341,"absolute total","static"
"323","2022","Other","age_over65",77057,"absolute total","static"
"324","2022","Other","age_under15",83477,"absolute total","static"
"325","2022","South","age_15_64",561031,"absolute total","static"
"326","2022","South","age_over65",140060,"absolute total","static"
"327","2022","South","age_under15",166886,"absolute total","static"
"328","2022","West","age_15_64",399006,"absolute total","static"
"329","2022","West","age_over65",98131,"absolute total","static"
"330","2022","West","age_under15",118074,"absolute total","static"
"331","2022","wGDA","age_15_64",527147,"absolute total","static"
"332","2022","wGDA","age_over65",125467,"absolute total","static"
"333","2022","wGDA","age_under15",170088,"absolute total","static"
"334","2011-2016","Carlow","age_15_64",712,"absolute","change"
"335","2011-2016","Carlow","age_15_64",1.96,"relative","change"
"336","2011-2016","Carlow","age_over65",1146,"absolute","change"
"337","2011-2016","Carlow","age_over65",18.45,"relative","change"
"338","2011-2016","Carlow","age_under15",462,"absolute","change"
"339","2011-2016","Carlow","age_under15",3.8,"relative","change"
"340","2011-2016","Cavan","age_15_64",1005,"absolute","change"
"341","2011-2016","Cavan","age_15_64",2.13,"relative","change"
"342","2011-2016","Cavan","age_over65",1598,"absolute","change"
"343","2011-2016","Cavan","age_over65",18.02,"relative","change"
"344","2011-2016","Cavan","age_under15",390,"absolute","change"
"345","2011-2016","Cavan","age_under15",2.26,"relative","change"
"346","2011-2016","Clare","age_15_64",-1006,"absolute","change"
"347","2011-2016","Clare","age_15_64",-1.31,"relative","change"
"348","2011-2016","Clare","age_over65",3136,"absolute","change"
"349","2011-2016","Clare","age_over65",21.6,"relative","change"
"350","2011-2016","Clare","age_under15",-509,"absolute","change"
"351","2011-2016","Clare","age_under15",-1.95,"relative","change"
"352","2011-2016","Cork City and Cork County","age_15_64",8345,"absolute","change"
"353","2011-2016","Cork City and Cork County","age_15_64",2.4,"relative","change"
"354","2011-2016","Cork City and Cork County","age_over65",11463,"absolute","change"
"355","2011-2016","Cork City and Cork County","age_over65",18.38,"relative","change"
"356","2011-2016","Cork City and Cork County","age_under15",4028,"absolute","change"
"357","2011-2016","Cork City and Cork County","age_under15",3.68,"relative","change"
"358","2011-2016","DLR","age_15_64",4456,"absolute","change"
"359","2011-2016","DLR","age_15_64",3.21,"relative","change"
"360","2011-2016","DLR","age_over65",4797,"absolute","change"
"361","2011-2016","DLR","age_over65",16.06,"relative","change"
"362","2011-2016","DLR","age_under15",2504,"absolute","change"
"363","2011-2016","DLR","age_under15",6.67,"relative","change"
"364","2011-2016","Donegal","age_15_64",-3556,"absolute","change"
"365","2011-2016","Donegal","age_15_64",-3.46,"relative","change"
"366","2011-2016","Donegal","age_over65",3518,"absolute","change"
"367","2011-2016","Donegal","age_over65",16.38,"relative","change"
"368","2011-2016","Donegal","age_under15",-1907,"absolute","change"
"369","2011-2016","Donegal","age_under15",-5.16,"relative","change"
"370","2011-2016","Dublin City","age_15_64",17893,"absolute","change"
"371","2011-2016","Dublin City","age_15_64",4.7,"relative","change"
"372","2011-2016","Dublin City","age_over65",5865,"absolute","change"
"373","2011-2016","Dublin City","age_over65",8.82,"relative","change"
"374","2011-2016","Dublin City","age_under15",3184,"absolute","change"
"375","2011-2016","Dublin City","age_under15",3.98,"relative","change"
"376","2011-2016","Fingal","age_15_64",8649,"absolute","change"
"377","2011-2016","Fingal","age_15_64",4.61,"relative","change"
"378","2011-2016","Fingal","age_over65",7174,"absolute","change"
"379","2011-2016","Fingal","age_over65",36.12,"relative","change"
"380","2011-2016","Fingal","age_under15",6206,"absolute","change"
"381","2011-2016","Fingal","age_under15",9.35,"relative","change"
"382","2011-2016","Galway City","age_15_64",604,"absolute","change"
"383","2011-2016","Galway City","age_15_64",1.08,"relative","change"
"384","2011-2016","Galway City","age_over65",1789,"absolute","change"
"385","2011-2016","Galway City","age_over65",25.34,"relative","change"
"386","2011-2016","Galway City","age_under15",746,"absolute","change"
"387","2011-2016","Galway City","age_under15",5.97,"relative","change"
"388","2011-2016","Galway County","age_15_64",-752,"absolute","change"
"389","2011-2016","Galway County","age_15_64",-0.66,"relative","change"
"390","2011-2016","Galway County","age_over65",4068,"absolute","change"
"391","2011-2016","Galway County","age_over65",18.5,"relative","change"
"392","2011-2016","Galway County","age_under15",950,"absolute","change"
"393","2011-2016","Galway County","age_under15",2.39,"relative","change"
"394","2011-2016","Kerry","age_15_64",-1280,"absolute","change"
"395","2011-2016","Kerry","age_15_64",-1.35,"relative","change"
"396","2011-2016","Kerry","age_over65",4046,"absolute","change"
"397","2011-2016","Kerry","age_over65",19.28,"relative","change"
"398","2011-2016","Kerry","age_under15",-561,"absolute","change"
"399","2011-2016","Kerry","age_under15",-1.91,"relative","change"
"400","2011-2016","Kildare","age_15_64",4842,"absolute","change"
"401","2011-2016","Kildare","age_15_64",3.41,"relative","change"
"402","2011-2016","Kildare","age_over65",5358,"absolute","change"
"403","2011-2016","Kildare","age_over65",32.17,"relative","change"
"404","2011-2016","Kildare","age_under15",1992,"absolute","change"
"405","2011-2016","Kildare","age_under15",3.86,"relative","change"
"406","2011-2016","Kilkenny","age_15_64",884,"absolute","change"
"407","2011-2016","Kilkenny","age_15_64",1.41,"relative","change"
"408","2011-2016","Kilkenny","age_over65",2363,"absolute","change"
"409","2011-2016","Kilkenny","age_over65",20.21,"relative","change"
"410","2011-2016","Kilkenny","age_under15",566,"absolute","change"
"411","2011-2016","Kilkenny","age_under15",2.67,"relative","change"
"412","2011-2016","Laois","age_15_64",1731,"absolute","change"
"413","2011-2016","Laois","age_15_64",3.29,"relative","change"
"414","2011-2016","Laois","age_over65",1508,"absolute","change"
"415","2011-2016","Laois","age_over65",18.62,"relative","change"
"416","2011-2016","Laois","age_under15",899,"absolute","change"
"417","2011-2016","Laois","age_under15",4.51,"relative","change"
"418","2011-2016","Leitrim","age_15_64",-501,"absolute","change"
"419","2011-2016","Leitrim","age_15_64",-2.48,"relative","change"
"420","2011-2016","Leitrim","age_over65",703,"absolute","change"
"421","2011-2016","Leitrim","age_over65",14.94,"relative","change"
"422","2011-2016","Leitrim","age_under15",44,"absolute","change"
"423","2011-2016","Leitrim","age_under15",0.64,"relative","change"
"424","2011-2016","Limerick City and County","age_15_64",-1545,"absolute","change"
"425","2011-2016","Limerick City and County","age_15_64",-1.19,"relative","change"
"426","2011-2016","Limerick City and County","age_over65",4105,"absolute","change"
"427","2011-2016","Limerick City and County","age_over65",17.61,"relative","change"
"428","2011-2016","Limerick City and County","age_under15",530,"absolute","change"
"429","2011-2016","Limerick City and County","age_under15",1.36,"relative","change"
"430","2011-2016","Longford","age_15_64",469,"absolute","change"
"431","2011-2016","Longford","age_15_64",1.87,"relative","change"
"432","2011-2016","Longford","age_over65",941,"absolute","change"
"433","2011-2016","Longford","age_over65",19.27,"relative","change"
"434","2011-2016","Longford","age_under15",463,"absolute","change"
"435","2011-2016","Longford","age_under15",5.12,"relative","change"
"436","2011-2016","Louth","age_15_64",2384,"absolute","change"
"437","2011-2016","Louth","age_15_64",2.95,"relative","change"
"438","2011-2016","Louth","age_over65",2600,"absolute","change"
"439","2011-2016","Louth","age_over65",19.29,"relative","change"
"440","2011-2016","Louth","age_under15",1003,"absolute","change"
"441","2011-2016","Louth","age_under15",3.5,"relative","change"
"442","2011-2016","Mayo","age_15_64",-2742,"absolute","change"
"443","2011-2016","Mayo","age_15_64",-3.27,"relative","change"
"444","2011-2016","Mayo","age_over65",3370,"absolute","change"
"445","2011-2016","Mayo","age_over65",17.25,"relative","change"
"446","2011-2016","Mayo","age_under15",-759,"absolute","change"
"447","2011-2016","Mayo","age_under15",-2.78,"relative","change"
"448","2011-2016","Meath","age_15_64",3978,"absolute","change"
"449","2011-2016","Meath","age_15_64",3.28,"relative","change"
"450","2011-2016","Meath","age_over65",4466,"absolute","change"
"451","2011-2016","Meath","age_over65",27.36,"relative","change"
"452","2011-2016","Meath","age_under15",2465,"absolute","change"
"453","2011-2016","Meath","age_under15",5.3,"relative","change"
"454","2011-2016","Monaghan","age_15_64",-683,"absolute","change"
"455","2011-2016","Monaghan","age_15_64",-1.73,"relative","change"
"456","2011-2016","Monaghan","age_over65",1117,"absolute","change"
"457","2011-2016","Monaghan","age_over65",14.97,"relative","change"
"458","2011-2016","Monaghan","age_under15",469,"absolute","change"
"459","2011-2016","Monaghan","age_under15",3.48,"relative","change"
"460","2011-2016","Offaly","age_15_64",-180,"absolute","change"
"461","2011-2016","Offaly","age_15_64",-0.36,"relative","change"
"462","2011-2016","Offaly","age_over65",1682,"absolute","change"
"463","2011-2016","Offaly","age_over65",18.88,"relative","change"
"464","2011-2016","Offaly","age_under15",-228,"absolute","change"
"465","2011-2016","Offaly","age_under15",-1.27,"relative","change"
"466","2011-2016","Roscommon","age_15_64",-950,"absolute","change"
"467","2011-2016","Roscommon","age_15_64",-2.31,"relative","change"
"468","2011-2016","Roscommon","age_over65",1347,"absolute","change"
"469","2011-2016","Roscommon","age_over65",14.34,"relative","change"
"470","2011-2016","Roscommon","age_under15",82,"absolute","change"
"471","2011-2016","Roscommon","age_under15",0.6,"relative","change"
"472","2011-2016","Sligo","age_15_64",-1643,"absolute","change"
"473","2011-2016","Sligo","age_15_64",-3.8,"relative","change"
"474","2011-2016","Sligo","age_over65",1581,"absolute","change"
"475","2011-2016","Sligo","age_over65",17.48,"relative","change"
"476","2011-2016","Sligo","age_under15",204,"absolute","change"
"477","2011-2016","Sligo","age_under15",1.56,"relative","change"
"478","2011-2016","South Dublin","age_15_64",2883,"absolute","change"
"479","2011-2016","South Dublin","age_15_64",1.59,"relative","change"
"480","2011-2016","South Dublin","age_over65",7872,"absolute","change"
"481","2011-2016","South Dublin","age_over65",34.15,"relative","change"
"482","2011-2016","South Dublin","age_under15",2807,"absolute","change"
"483","2011-2016","South Dublin","age_under15",4.58,"relative","change"
"484","2011-2016","State","age_15_64",44477,"absolute","change"
"485","2011-2016","State","age_15_64",1.45,"relative","change"
"486","2011-2016","State","age_over65",102174,"absolute","change"
"487","2011-2016","State","age_over65",19.08,"relative","change"
"488","2011-2016","State","age_under15",26962,"absolute","change"
"489","2011-2016","State","age_under15",2.75,"relative","change"
"490","2011-2016","Tipperary","age_15_64",-2052,"absolute","change"
"491","2011-2016","Tipperary","age_15_64",-1.99,"relative","change"
"492","2011-2016","Tipperary","age_over65",3202,"absolute","change"
"493","2011-2016","Tipperary","age_over65",15.11,"relative","change"
"494","2011-2016","Tipperary","age_under15",-351,"absolute","change"
"495","2011-2016","Tipperary","age_under15",-1.02,"relative","change"
"496","2011-2016","Waterford City and County","age_15_64",-176,"absolute","change"
"497","2011-2016","Waterford City and County","age_15_64",-0.24,"relative","change"
"498","2011-2016","Waterford City and County","age_over65",2592,"absolute","change"
"499","2011-2016","Waterford City and County","age_over65",17.54,"relative","change"
"500","2011-2016","Waterford City and County","age_under15",-35,"absolute","change"
"501","2011-2016","Waterford City and County","age_under15",-0.14,"relative","change"
"502","2011-2016","Westmeath","age_15_64",697,"absolute","change"
"503","2011-2016","Westmeath","age_15_64",1.22,"relative","change"
"504","2011-2016","Westmeath","age_over65",1574,"absolute","change"
"505","2011-2016","Westmeath","age_over65",16.07,"relative","change"
"506","2011-2016","Westmeath","age_under15",335,"absolute","change"
"507","2011-2016","Westmeath","age_under15",1.72,"relative","change"
"508","2011-2016","Wexford","age_15_64",896,"absolute","change"
"509","2011-2016","Wexford","age_15_64",0.95,"relative","change"
"510","2011-2016","Wexford","age_over65",3618,"absolute","change"
"511","2011-2016","Wexford","age_over65",19.7,"relative","change"
"512","2011-2016","Wexford","age_under15",-112,"absolute","change"
"513","2011-2016","Wexford","age_under15",-0.34,"relative","change"
"514","2011-2016","Wicklow","age_15_64",1115,"absolute","change"
"515","2011-2016","Wicklow","age_15_64",1.23,"relative","change"
"516","2011-2016","Wicklow","age_over65",3575,"absolute","change"
"517","2011-2016","Wicklow","age_over65",23.83,"relative","change"
"518","2011-2016","Wicklow","age_under15",1095,"absolute","change"
"519","2011-2016","Wicklow","age_under15",3.51,"relative","change"
"520","2011-2016","Border","age_15_64",-6383,"absolute","change"
"521","2011-2016","Border","age_15_64",-3.1,"relative","change"
"522","2011-2016","Border","age_over65",6919,"absolute","change"
"523","2011-2016","Border","age_over65",16.21,"relative","change"
"524","2011-2016","Border","age_under15",-1190,"absolute","change"
"525","2011-2016","Border","age_under15",-1.69,"relative","change"
"526","2011-2016","GDA","age_15_64",43816,"absolute","change"
"527","2011-2016","GDA","age_15_64",3.53,"relative","change"
"528","2011-2016","GDA","age_over65",39107,"absolute","change"
"529","2011-2016","GDA","age_over65",20.88,"relative","change"
"530","2011-2016","GDA","age_under15",20253,"absolute","change"
"531","2011-2016","GDA","age_under15",5.41,"relative","change"
"532","2011-2016","Other","age_15_64",-5275,"absolute","change"
"533","2011-2016","Other","age_15_64",-2.08,"relative","change"
"534","2011-2016","Other","age_over65",8860,"absolute","change"
"535","2011-2016","Other","age_over65",16.1,"relative","change"
"536","2011-2016","Other","age_under15",-565,"absolute","change"
"537","2011-2016","Other","age_under15",-0.67,"relative","change"
"538","2011-2016","South","age_15_64",6889,"absolute","change"
"539","2011-2016","South","age_15_64",1.33,"relative","change"
"540","2011-2016","South","age_over65",18101,"absolute","change"
"541","2011-2016","South","age_over65",18.44,"relative","change"
"542","2011-2016","South","age_under15",3432,"absolute","change"
"543","2011-2016","South","age_under15",2.1,"relative","change"
"544","2011-2016","West","age_15_64",-2699,"absolute","change"
"545","2011-2016","West","age_15_64",-0.72,"relative","change"
"546","2011-2016","West","age_over65",13098,"absolute","change"
"547","2011-2016","West","age_over65",19.58,"relative","change"
"548","2011-2016","West","age_under15",1717,"absolute","change"
"549","2011-2016","West","age_under15",1.46,"relative","change"
"550","2011-2016","wGDA","age_15_64",8129,"absolute","change"
"551","2011-2016","wGDA","age_15_64",1.69,"relative","change"
"552","2011-2016","wGDA","age_over65",16089,"absolute","change"
"553","2011-2016","wGDA","age_over65",18.84,"relative","change"
"554","2011-2016","wGDA","age_under15",3315,"absolute","change"
"555","2011-2016","wGDA","age_under15",1.95,"relative","change"
"556","2016-2022","Carlow","age_15_64",3388,"absolute","change"
"557","2016-2022","Carlow","age_15_64",9.17,"relative","change"
"558","2016-2022","Carlow","age_over65",1947,"absolute","change"
"559","2016-2022","Carlow","age_over65",26.46,"relative","change"
"560","2016-2022","Carlow","age_under15",-299,"absolute","change"
"561","2016-2022","Carlow","age_under15",-2.37,"relative","change"
"562","2016-2022","Cavan","age_15_64",3361,"absolute","change"
"563","2016-2022","Cavan","age_15_64",6.99,"relative","change"
"564","2016-2022","Cavan","age_over65",2037,"absolute","change"
"565","2016-2022","Cavan","age_over65",19.47,"relative","change"
"566","2016-2022","Cavan","age_under15",130,"absolute","change"
"567","2016-2022","Cavan","age_under15",0.74,"relative","change"
"568","2016-2022","Clare","age_15_64",5693,"absolute","change"
"569","2016-2022","Clare","age_15_64",7.53,"relative","change"
"570","2016-2022","Clare","age_over65",4002,"absolute","change"
"571","2016-2022","Clare","age_over65",22.67,"relative","change"
"572","2016-2022","Clare","age_under15",-574,"absolute","change"
"573","2016-2022","Clare","age_under15",-2.24,"relative","change"
"574","2016-2022","Cork City and Cork County","age_15_64",25534,"absolute","change"
"575","2016-2022","Cork City and Cork County","age_15_64",7.18,"relative","change"
"576","2016-2022","Cork City and Cork County","age_over65",15618,"absolute","change"
"577","2016-2022","Cork City and Cork County","age_over65",21.15,"relative","change"
"578","2016-2022","Cork City and Cork County","age_under15",136,"absolute","change"
"579","2016-2022","Cork City and Cork County","age_under15",0.12,"relative","change"
"580","2016-2022","DLR","age_15_64",8329,"absolute","change"
"581","2016-2022","DLR","age_15_64",5.81,"relative","change"
"582","2016-2022","DLR","age_over65",5249,"absolute","change"
"583","2016-2022","DLR","age_over65",15.14,"relative","change"
"584","2016-2022","DLR","age_under15",2264,"absolute","change"
"585","2016-2022","DLR","age_under15",5.65,"relative","change"
"586","2016-2022","Donegal","age_15_64",4208,"absolute","change"
"587","2016-2022","Donegal","age_15_64",4.24,"relative","change"
"588","2016-2022","Donegal","age_over65",4634,"absolute","change"
"589","2016-2022","Donegal","age_over65",18.54,"relative","change"
"590","2016-2022","Donegal","age_under15",-950,"absolute","change"
"591","2016-2022","Donegal","age_under15",-2.71,"relative","change"
"592","2016-2022","Dublin City","age_15_64",25756,"absolute","change"
"593","2016-2022","Dublin City","age_15_64",6.46,"relative","change"
"594","2016-2022","Dublin City","age_over65",7013,"absolute","change"
"595","2016-2022","Dublin City","age_over65",9.69,"relative","change"
"596","2016-2022","Dublin City","age_under15",5390,"absolute","change"
"597","2016-2022","Dublin City","age_under15",6.48,"relative","change"
"598","2016-2022","Fingal","age_15_64",23542,"absolute","change"
"599","2016-2022","Fingal","age_15_64",11.99,"relative","change"
"600","2016-2022","Fingal","age_over65",9509,"absolute","change"
"601","2016-2022","Fingal","age_over65",35.17,"relative","change"
"602","2016-2022","Fingal","age_under15",1435,"absolute","change"
"603","2016-2022","Fingal","age_under15",1.98,"relative","change"
"604","2016-2022","Galway City","age_15_64",4077,"absolute","change"
"605","2016-2022","Galway City","age_15_64",7.21,"relative","change"
"606","2016-2022","Galway City","age_over65",1876,"absolute","change"
"607","2016-2022","Galway City","age_over65",21.2,"relative","change"
"608","2016-2022","Galway City","age_under15",-207,"absolute","change"
"609","2016-2022","Galway City","age_under15",-1.56,"relative","change"
"610","2016-2022","Galway County","age_15_64",7902,"absolute","change"
"611","2016-2022","Galway County","age_15_64",7.01,"relative","change"
"612","2016-2022","Galway County","age_over65",6104,"absolute","change"
"613","2016-2022","Galway County","age_over65",23.42,"relative","change"
"614","2016-2022","Galway County","age_under15",-73,"absolute","change"
"615","2016-2022","Galway County","age_under15",-0.18,"relative","change"
"616","2016-2022","Kerry","age_15_64",4253,"absolute","change"
"617","2016-2022","Kerry","age_15_64",4.53,"relative","change"
"618","2016-2022","Kerry","age_over65",4533,"absolute","change"
"619","2016-2022","Kerry","age_over65",18.11,"relative","change"
"620","2016-2022","Kerry","age_under15",-35,"absolute","change"
"621","2016-2022","Kerry","age_under15",-0.12,"relative","change"
"622","2016-2022","Kildare","age_15_64",17747,"absolute","change"
"623","2016-2022","Kildare","age_15_64",12.08,"relative","change"
"624","2016-2022","Kildare","age_over65",7706,"absolute","change"
"625","2016-2022","Kildare","age_over65",35,"relative","change"
"626","2016-2022","Kildare","age_under15",-183,"absolute","change"
"627","2016-2022","Kildare","age_under15",-0.34,"relative","change"
"628","2016-2022","Kilkenny","age_15_64",2597,"absolute","change"
"629","2016-2022","Kilkenny","age_15_64",4.1,"relative","change"
"630","2016-2022","Kilkenny","age_over65",3003,"absolute","change"
"631","2016-2022","Kilkenny","age_over65",21.37,"relative","change"
"632","2016-2022","Kilkenny","age_under15",-672,"absolute","change"
"633","2016-2022","Kilkenny","age_under15",-3.09,"relative","change"
"634","2016-2022","Laois","age_15_64",5214,"absolute","change"
"635","2016-2022","Laois","age_15_64",9.61,"relative","change"
"636","2016-2022","Laois","age_over65",2370,"absolute","change"
"637","2016-2022","Laois","age_over65",24.67,"relative","change"
"638","2016-2022","Laois","age_under15",-404,"absolute","change"
"639","2016-2022","Laois","age_under15",-1.94,"relative","change"
"640","2016-2022","Leitrim","age_15_64",1753,"absolute","change"
"641","2016-2022","Leitrim","age_15_64",8.89,"relative","change"
"642","2016-2022","Leitrim","age_over65",1164,"absolute","change"
"643","2016-2022","Leitrim","age_over65",21.52,"relative","change"
"644","2016-2022","Leitrim","age_under15",238,"absolute","change"
"645","2016-2022","Leitrim","age_under15",3.44,"relative","change"
"646","2016-2022","Limerick City and County","age_15_64",8587,"absolute","change"
"647","2016-2022","Limerick City and County","age_15_64",6.71,"relative","change"
"648","2016-2022","Limerick City and County","age_over65",6170,"absolute","change"
"649","2016-2022","Limerick City and County","age_over65",22.5,"relative","change"
"650","2016-2022","Limerick City and County","age_under15",-120,"absolute","change"
"651","2016-2022","Limerick City and County","age_under15",-0.3,"relative","change"
"652","2016-2022","Longford","age_15_64",4150,"absolute","change"
"653","2016-2022","Longford","age_15_64",16.25,"relative","change"
"654","2016-2022","Longford","age_over65",1508,"absolute","change"
"655","2016-2022","Longford","age_over65",25.89,"relative","change"
"656","2016-2022","Longford","age_under15",220,"absolute","change"
"657","2016-2022","Longford","age_under15",2.31,"relative","change"
"658","2016-2022","Louth","age_15_64",7569,"absolute","change"
"659","2016-2022","Louth","age_15_64",9.1,"relative","change"
"660","2016-2022","Louth","age_over65",3821,"absolute","change"
"661","2016-2022","Louth","age_over65",23.77,"relative","change"
"662","2016-2022","Louth","age_under15",-571,"absolute","change"
"663","2016-2022","Louth","age_under15",-1.92,"relative","change"
"664","2016-2022","Mayo","age_15_64",3236,"absolute","change"
"665","2016-2022","Mayo","age_15_64",3.99,"relative","change"
"666","2016-2022","Mayo","age_over65",4419,"absolute","change"
"667","2016-2022","Mayo","age_over65",19.29,"relative","change"
"668","2016-2022","Mayo","age_under15",-192,"absolute","change"
"669","2016-2022","Mayo","age_under15",-0.72,"relative","change"
"670","2016-2022","Meath","age_15_64",18210,"absolute","change"
"671","2016-2022","Meath","age_15_64",14.53,"relative","change"
"672","2016-2022","Meath","age_over65",6271,"absolute","change"
"673","2016-2022","Meath","age_over65",30.17,"relative","change"
"674","2016-2022","Meath","age_under15",1301,"absolute","change"
"675","2016-2022","Meath","age_under15",2.66,"relative","change"
"676","2016-2022","Monaghan","age_15_64",1711,"absolute","change"
"677","2016-2022","Monaghan","age_15_64",4.4,"relative","change"
"678","2016-2022","Monaghan","age_over65",1820,"absolute","change"
"679","2016-2022","Monaghan","age_over65",21.22,"relative","change"
"680","2016-2022","Monaghan","age_under15",371,"absolute","change"
"681","2016-2022","Monaghan","age_under15",2.66,"relative","change"
"682","2016-2022","Offaly","age_15_64",3382,"absolute","change"
"683","2016-2022","Offaly","age_15_64",6.81,"relative","change"
"684","2016-2022","Offaly","age_over65",2367,"absolute","change"
"685","2016-2022","Offaly","age_over65",22.35,"relative","change"
"686","2016-2022","Offaly","age_under15",-560,"absolute","change"
"687","2016-2022","Offaly","age_under15",-3.16,"relative","change"
"688","2016-2022","Roscommon","age_15_64",2978,"absolute","change"
"689","2016-2022","Roscommon","age_15_64",7.42,"relative","change"
"690","2016-2022","Roscommon","age_over65",2298,"absolute","change"
"691","2016-2022","Roscommon","age_over65",21.39,"relative","change"
"692","2016-2022","Roscommon","age_under15",439,"absolute","change"
"693","2016-2022","Roscommon","age_under15",3.21,"relative","change"
"694","2016-2022","Sligo","age_15_64",2324,"absolute","change"
"695","2016-2022","Sligo","age_15_64",5.59,"relative","change"
"696","2016-2022","Sligo","age_over65",2279,"absolute","change"
"697","2016-2022","Sligo","age_over65",21.45,"relative","change"
"698","2016-2022","Sligo","age_under15",60,"absolute","change"
"699","2016-2022","Sligo","age_under15",0.45,"relative","change"
"700","2016-2022","South Dublin","age_15_64",13498,"absolute","change"
"701","2016-2022","South Dublin","age_15_64",7.35,"relative","change"
"702","2016-2022","South Dublin","age_over65",8909,"absolute","change"
"703","2016-2022","South Dublin","age_over65",28.81,"relative","change"
"704","2016-2022","South Dublin","age_under15",-99,"absolute","change"
"705","2016-2022","South Dublin","age_under15",-0.15,"relative","change"
"706","2016-2022","State","age_15_64",242791,"absolute","change"
"707","2016-2022","State","age_15_64",7.79,"relative","change"
"708","2016-2022","State","age_over65",138748,"absolute","change"
"709","2016-2022","State","age_over65",21.76,"relative","change"
"710","2016-2022","State","age_under15",5735,"absolute","change"
"711","2016-2022","State","age_under15",0.57,"relative","change"
"712","2016-2022","Tipperary","age_15_64",4133,"absolute","change"
"713","2016-2022","Tipperary","age_15_64",4.09,"relative","change"
"714","2016-2022","Tipperary","age_over65",4958,"absolute","change"
"715","2016-2022","Tipperary","age_over65",20.32,"relative","change"
"716","2016-2022","Tipperary","age_under15",-749,"absolute","change"
"717","2016-2022","Tipperary","age_under15",-2.2,"relative","change"
"718","2016-2022","Waterford City and County","age_15_64",7608,"absolute","change"
"719","2016-2022","Waterford City and County","age_15_64",10.25,"relative","change"
"720","2016-2022","Waterford City and County","age_over65",3661,"absolute","change"
"721","2016-2022","Waterford City and County","age_over65",21.08,"relative","change"
"722","2016-2022","Waterford City and County","age_under15",-82,"absolute","change"
"723","2016-2022","Waterford City and County","age_under15",-0.33,"relative","change"
"724","2016-2022","Westmeath","age_15_64",4448,"absolute","change"
"725","2016-2022","Westmeath","age_15_64",7.72,"relative","change"
"726","2016-2022","Westmeath","age_over65",2999,"absolute","change"
"727","2016-2022","Westmeath","age_over65",26.38,"relative","change"
"728","2016-2022","Westmeath","age_under15",4,"absolute","change"
"729","2016-2022","Westmeath","age_under15",0.02,"relative","change"
"730","2016-2022","Wexford","age_15_64",9249,"absolute","change"
"731","2016-2022","Wexford","age_15_64",9.76,"relative","change"
"732","2016-2022","Wexford","age_over65",5418,"absolute","change"
"733","2016-2022","Wexford","age_over65",24.64,"relative","change"
"734","2016-2022","Wexford","age_under15",-470,"absolute","change"
"735","2016-2022","Wexford","age_under15",-1.43,"relative","change"
"736","2016-2022","Wicklow","age_15_64",8354,"absolute","change"
"737","2016-2022","Wicklow","age_15_64",9.12,"relative","change"
"738","2016-2022","Wicklow","age_over65",5085,"absolute","change"
"739","2016-2022","Wicklow","age_over65",27.37,"relative","change"
"740","2016-2022","Wicklow","age_under15",-13,"absolute","change"
"741","2016-2022","Wicklow","age_under15",-0.04,"relative","change"
"742","2016-2022","Border","age_15_64",9996,"absolute","change"
"743","2016-2022","Border","age_15_64",5.02,"relative","change"
"744","2016-2022","Border","age_over65",9897,"absolute","change"
"745","2016-2022","Border","age_over65",19.95,"relative","change"
"746","2016-2022","Border","age_under15",-281,"absolute","change"
"747","2016-2022","Border","age_under15",-0.41,"relative","change"
"748","2016-2022","GDA","age_15_64",115436,"absolute","change"
"749","2016-2022","GDA","age_15_64",8.97,"relative","change"
"750","2016-2022","GDA","age_over65",49742,"absolute","change"
"751","2016-2022","GDA","age_over65",21.97,"relative","change"
"752","2016-2022","GDA","age_under15",10095,"absolute","change"
"753","2016-2022","GDA","age_under15",2.56,"relative","change"
"754","2016-2022","Other","age_15_64",14497,"absolute","change"
"755","2016-2022","Other","age_15_64",5.85,"relative","change"
"756","2016-2022","Other","age_over65",13183,"absolute","change"
"757","2016-2022","Other","age_over65",20.64,"relative","change"
"758","2016-2022","Other","age_under15",-282,"absolute","change"
"759","2016-2022","Other","age_under15",-0.34,"relative","change"
"760","2016-2022","South","age_15_64",37395,"absolute","change"
"761","2016-2022","South","age_15_64",7.14,"relative","change"
"762","2016-2022","South","age_over65",23812,"absolute","change"
"763","2016-2022","South","age_over65",20.48,"relative","change"
"764","2016-2022","South","age_under15",19,"absolute","change"
"765","2016-2022","South","age_under15",0.01,"relative","change"
"766","2016-2022","West","age_15_64",26259,"absolute","change"
"767","2016-2022","West","age_15_64",7.04,"relative","change"
"768","2016-2022","West","age_over65",18152,"absolute","change"
"769","2016-2022","West","age_over65",22.7,"relative","change"
"770","2016-2022","West","age_under15",-974,"absolute","change"
"771","2016-2022","West","age_under15",-0.82,"relative","change"
"772","2016-2022","wGDA","age_15_64",39208,"absolute","change"
"773","2016-2022","wGDA","age_15_64",8.04,"relative","change"
"774","2016-2022","wGDA","age_over65",23962,"absolute","change"
"775","2016-2022","wGDA","age_over65",23.61,"relative","change"
"776","2016-2022","wGDA","age_under15",-2842,"absolute","change"
"777","2016-2022","wGDA","age_under15",-1.64,"relative","change"
